DNI;Nombres;Apellidos;Edad;ID;Telefono;Email;Dia de nacimiento;Mes de nacimiento;Anio de nacimiento;Calle; Localidad; Partido; Provincia; CodigoPostal; Pais; Estado
123456789;Carla;Ponce;23;1;1532165433;cponce@gmail.com;3;3;1998;Falsa 123;Tigre;Tigre;Buenos Aires;1648;1648;1
3216545;Martin;Diaz;41;2;1532165486;mdiaz@gmail.com;6;12;1980;Callao 133;Tigre;Tigre;Buenos Aires;1648;1648;1
30123456;Juana;Martinez;40;3;1532165432;jmartinez@gmail.com;5;11;1981;French 1321;Tigre;Tigre;Buenos Aires;1648;1648;1
31123456;Lucas;Delia;39;4;1512345678;ldelia@gmail.com;7;10;1982;Cayetano Rodriguez 2321;Tigre;Tigre;Buenos Aires;1648;1648;1
32123456;Juan;Carti;38;5;1598765432;jcarti@gmail.com;9;9;1983;Avellaneda 1233;Tigre;Tigre;Buenos Aires;1648;1648;1
34123456;Lucila;Mino;37;6;1563215656;lmino@gmail.com;1;7;1984;Tucuman 2113;Torcuato;Tigre;Buenos Aires;1648;1648;1
35123456;Leandro;Gomez;36;7;153215656;lgomez@gmail.com;12;6;1985;Miguel Cane 3213;Torcuato;Tigre;Buenos Aires;1648;1648;1
36123456;Tobias;Iaconis;35;8;1532165486;tiaconis@gmail.com;13;5;1986;Miguel Cane 432;Virreyes;San Fernando;Buenos Aires;1646;1646;1
37123456;Angel;Simon;36;9;1532165432;asimon@gmail.com;4;4;1985;Rucci 3213;Virreyes;San Fernando;Buenos Aires;1646;1646;1
38123456;Brian;Lara;34;10;1512345678;blara@gmail.com;16;3;1987;Italia 3212;Virreyes;San Fernando;Buenos Aires;1646;1646;1
39123456;Daniel;Sanchez;33;11;1598765432;dsanchez1@gmail.com;17;2;1988;Arnoldi 3122;San Isidro;San Isidro;Buenos Aires;1649;1649;1
40123456;Jhonatan;Saucedo;31;12;1536974652;jsaucedo@gmail.com;18;1;1990;Entre Rios 3456;San Isidro;San Isidro;Buenos Aires;1649;1649;1
41123456;Ezequiel;Torres;32;13;1563215656;etorres@gmail.com;19;1;1989;Arnoldi 702;San Isidro;San Isidro;Buenos Aires;1649;1649;1
42123456;Tomas;Maderna;30;14;153215656;tmaderna@gmail.com;20;2;1991;25 de Mayo 3212;San Isidro;San Isidro;Buenos Aires;1649;1649;1
43123456;Miguel;Caballero;29;15;1532165486;mcaballero@gmail.com;22;3;1992;9 de Julio 702;San Miguel;San Miguel;Buenos Aires;1645;1645;1
44123456;Carla;Filipi;30;16;1532165432;cfilipi@gmail.com;18;4;1991;Constitucion 1876;San Miguel;San Miguel;Buenos Aires;1645;1645;1
45123456;Marta;Caballero;27;17;1512345678;mcaballero@gmail.com;28;5;1994;Constitucion 1465;San Miguel;San Miguel;Buenos Aires;1645;1645;1
456123654;Daniela;Gonzalez;26;18;1532659878;dgonzalez@gmail.com;1;6;1995;Libertador 1207;Pilar;Pilar;Buenos Aires;1632;1632;1
16132456;Julieta;Diaz;25;19;1532654896;fdiaz@gmail.com;15;7;1996;Sobremonte 796;Pilar;Pilar;Buenos Aires;1632;1632;1
